Model,PPL(Wikitext2),PPL(ptb),PPL(c4),Alpha,Recover_sparsity
llama-2-7b-hf,11.171395301818848,68.84268188476562,13.422385215759277,0.1,0.0014844418339357028
llama-2-7b-hf,10.429069519042969,59.48818588256836,12.5747709274292,0.15,0.004113673829656105
llama-2-7b-hf,9.545960426330566,51.60190963745117,11.57788372039795,0.2,0.008614903637687629
llama-2-7b-hf,8.691696166992188,43.94084548950195,10.57900619506836,0.25,0.015407877110959686
llama-2-7b-hf,7.918724536895752,36.86058044433594,9.709322929382324,0.3,0.024855227881046237
llama-2-7b-hf,7.361287593841553,32.384456634521484,9.069575309753418,0.35,0.037385816348599034
llama-2-7b-hf,6.87472677230835,29.1033878326416,8.56269645690918,0.4,0.05322879238481142
