Model,PPL(Wikitext2),PPL(ptb),PPL(c4),Block_size,Topn,Recover_sparsity
llama-2-7b-hf,10.718174934387207,65.39755249023438,12.845502853393555,64.0,4.0,0.0625
llama-2-7b-hf,9.857793807983398,56.24153137207031,11.861852645874023,64.0,8.0,0.125
llama-2-7b-hf,10.655304908752441,65.52278137207031,12.799524307250977,32.0,8.0,0.0625
llama-2-7b-hf,9.735613822937012,54.11283493041992,11.782301902770996,32.0,16.0,0.125
llama-2-7b-hf,10.596294403076172,61.76923751831055,12.680940628051758,16.0,16.0,0.0625
llama-2-7b-hf,9.577913284301758,50.158023834228516,11.581063270568848,16.0,32.0,0.125
